"mun_idx","mun_id"
1,"01001"
2,"01008"
3,"01011"
4,"01009"
5,"01007"
6,"01006"
7,"01004"
8,"01005"
9,"01010"
10,"01003"
11,"01002"
12,"02007"
13,"02003"
14,"02004"
15,"02001"
16,"02006"
17,"02005"
18,"02002"
19,"03001"
20,"03008"
21,"03003"
22,"03002"
23,"03009"
24,"04008"
25,"04005"
26,"04003"
27,"04012"
28,"04001"
29,"04010"
30,"04006"
31,"04011"
32,"04004"
33,"04013"
34,"04002"
35,"04009"
36,"04007"
37,"05010"
38,"05036"
39,"05018"
40,"05029"
41,"05007"
42,"05032"
43,"05006"
44,"05003"
45,"05012"
46,"05009"
47,"05005"
48,"05004"
49,"05016"
50,"05035"
51,"05014"
52,"05008"
53,"05019"
54,"05038"
55,"05037"
56,"05001"
57,"05017"
58,"05002"
59,"05026"
60,"05021"
61,"05013"
62,"05024"
63,"05020"
64,"05023"
65,"05022"
66,"05015"
67,"05011"
68,"05034"
69,"05033"
70,"05031"
71,"05030"
72,"05028"
73,"05027"
74,"05025"
75,"06009"
76,"06005"
77,"06010"
78,"06008"
79,"06002"
80,"06007"
81,"06006"
82,"06003"
83,"06001"
84,"06004"
85,"07106"
86,"07090"
87,"07022"
88,"07073"
89,"07042"
90,"07036"
91,"07121"
92,"07119"
93,"07124"
94,"07123"
95,"07067"
96,"07091"
97,"07114"
98,"07069"
99,"07081"
100,"07080"
101,"07065"
102,"07077"
103,"07086"
104,"07010"
105,"07011"
106,"07024"
107,"07028"
108,"07122"
109,"07001"
110,"07002"
111,"07003"
112,"07004"
113,"07005"
114,"07006"
115,"07007"
116,"07029"
117,"07012"
118,"07013"
119,"07014"
120,"07015"
121,"07016"
122,"07019"
123,"07020"
124,"07021"
125,"07033"
126,"07053"
127,"07025"
128,"07026"
129,"07027"
130,"07030"
131,"07031"
132,"07055"
133,"07023"
134,"07034"
135,"07075"
136,"07076"
137,"07038"
138,"07039"
139,"07040"
140,"07041"
141,"07043"
142,"07044"
143,"07045"
144,"07046"
145,"07048"
146,"07052"
147,"07056"
148,"07054"
149,"07072"
150,"07111"
151,"07110"
152,"07051"
153,"07050"
154,"07049"
155,"07096"
156,"07097"
157,"07099"
158,"07058"
159,"07060"
160,"07070"
161,"07063"
162,"07057"
163,"07101"
164,"07102"
165,"07103"
166,"07104"
167,"07079"
168,"07120"
169,"07107"
170,"07108"
171,"07109"
172,"07085"
173,"07088"
174,"07093"
175,"07098"
176,"07100"
177,"07105"
178,"07112"
179,"07087"
180,"07113"
181,"07115"
182,"07117"
183,"07118"
184,"07047"
185,"07092"
186,"07018"
187,"07059"
188,"07061"
189,"07064"
190,"07066"
191,"07071"
192,"07078"
193,"07032"
194,"07125"
195,"07035"
196,"07062"
197,"07037"
198,"07068"
199,"07074"
200,"07082"
201,"07083"
202,"07084"
203,"07089"
204,"07008"
205,"07009"
206,"07017"
207,"07116"
208,"07094"
209,"08037"
210,"08021"
211,"08019"
212,"08001"
213,"08006"
214,"08052"
215,"08020"
216,"08041"
217,"08055"
218,"08032"
219,"08017"
220,"08043"
221,"08016"
222,"08023"
223,"08059"
224,"08015"
225,"08049"
226,"08036"
227,"08060"
228,"08007"
229,"08008"
230,"08051"
231,"08067"
232,"08062"
233,"08061"
234,"08029"
235,"08003"
236,"08014"
237,"08018"
238,"08054"
239,"08058"
240,"08002"
241,"08065"
242,"08063"
243,"08022"
244,"08066"
245,"08004"
246,"08009"
247,"08010"
248,"08011"
249,"08012"
250,"08013"
251,"08053"
252,"08057"
253,"08044"
254,"08031"
255,"08056"
256,"08045"
257,"08046"
258,"08047"
259,"08025"
260,"08048"
261,"08024"
262,"08064"
263,"08050"
264,"08026"
265,"08027"
266,"08028"
267,"08030"
268,"08033"
269,"08034"
270,"08035"
271,"08038"
272,"08039"
273,"08040"
274,"08042"
275,"08005"
276,"09005"
277,"09007"
278,"09015"
279,"09017"
280,"09013"
281,"09003"
282,"09008"
283,"09009"
284,"09010"
285,"09014"
286,"09011"
287,"09006"
288,"09002"
289,"09012"
290,"09004"
291,"09016"
292,"10009"
293,"10017"
294,"10036"
295,"10021"
296,"10034"
297,"10024"
298,"10012"
299,"10039"
300,"10018"
301,"10011"
302,"10005"
303,"10010"
304,"10030"
305,"10029"
306,"10023"
307,"10033"
308,"10016"
309,"10003"
310,"10004"
311,"10006"
312,"10025"
313,"10008"
314,"10027"
315,"10001"
316,"10035"
317,"10014"
318,"10022"
319,"10038"
320,"10037"
321,"10019"
322,"10028"
323,"10026"
324,"10015"
325,"10031"
326,"10007"
327,"10020"
328,"10032"
329,"10013"
330,"10002"
331,"11044"
332,"11017"
333,"11037"
334,"11010"
335,"11031"
336,"11015"
337,"11034"
338,"11036"
339,"11030"
340,"11026"
341,"11009"
342,"11016"
343,"11024"
344,"11029"
345,"11011"
346,"11027"
347,"11025"
348,"11003"
349,"11004"
350,"11005"
351,"11043"
352,"11022"
353,"11014"
354,"11045"
355,"11001"
356,"11033"
357,"11006"
358,"11002"
359,"11012"
360,"11013"
361,"11007"
362,"11019"
363,"11035"
364,"11018"
365,"11008"
366,"11041"
367,"11028"
368,"11040"
369,"11042"
370,"11039"
371,"11032"
372,"11023"
373,"11038"
374,"11046"
375,"11021"
376,"11020"
377,"12021"
378,"12060"
379,"12063"
380,"12082"
381,"12024"
382,"12058"
383,"12010"
384,"12011"
385,"12012"
386,"12004"
387,"12068"
388,"12043"
389,"12007"
390,"12057"
391,"12066"
392,"12056"
393,"12001"
394,"12075"
395,"12055"
396,"12006"
397,"12037"
398,"12085"
399,"12027"
400,"12015"
401,"12074"
402,"12014"
403,"12018"
404,"12072"
405,"12009"
406,"12081"
407,"12084"
408,"12071"
409,"12070"
410,"12083"
411,"12079"
412,"12076"
413,"12065"
414,"12073"
415,"12064"
416,"12019"
417,"12005"
418,"12030"
419,"12069"
420,"12036"
421,"12080"
422,"12078"
423,"12077"
424,"12023"
425,"12048"
426,"12053"
427,"12054"
428,"12047"
429,"12049"
430,"12050"
431,"12051"
432,"12045"
433,"12046"
434,"12040"
435,"12013"
436,"12062"
437,"12041"
438,"12042"
439,"12044"
440,"12038"
441,"12039"
442,"12002"
443,"12003"
444,"12034"
445,"12035"
446,"12031"
447,"12032"
448,"12033"
449,"12028"
450,"12029"
451,"12008"
452,"12025"
453,"12026"
454,"12059"
455,"12061"
456,"12052"
457,"12067"
458,"12016"
459,"12017"
460,"12020"
461,"12022"
462,"13031"
463,"13005"
464,"13075"
465,"13028"
466,"13045"
467,"13021"
468,"13001"
469,"13002"
470,"13049"
471,"13003"
472,"13030"
473,"13023"
474,"13004"
475,"13027"
476,"13022"
477,"13020"
478,"13074"
479,"13070"
480,"13018"
481,"13029"
482,"13071"
483,"13076"
484,"13046"
485,"13065"
486,"13061"
487,"13047"
488,"13078"
489,"13063"
490,"13017"
491,"13083"
492,"13072"
493,"13067"
494,"13026"
495,"13062"
496,"13044"
497,"13016"
498,"13015"
499,"13014"
500,"13068"
501,"13084"
502,"13081"
503,"13043"
504,"13066"
505,"13013"
506,"13025"
507,"13048"
508,"13038"
509,"13052"
510,"13037"
511,"13036"
512,"13053"
513,"13012"
514,"13011"
515,"13010"
516,"13009"
517,"13008"
518,"13007"
519,"13006"
520,"13054"
521,"13055"
522,"13080"
523,"13079"
524,"13035"
525,"13073"
526,"13034"
527,"13019"
528,"13077"
529,"13051"
530,"13082"
531,"13064"
532,"13024"
533,"13041"
534,"13060"
535,"13059"
536,"13032"
537,"13058"
538,"13057"
539,"13050"
540,"13056"
541,"13042"
542,"13040"
543,"13069"
544,"13039"
545,"13033"
546,"14018"
547,"14097"
548,"14114"
549,"14113"
550,"14112"
551,"14111"
552,"14110"
553,"14109"
554,"14124"
555,"14065"
556,"14116"
557,"14117"
558,"14118"
559,"14119"
560,"14014"
561,"14015"
562,"14017"
563,"14043"
564,"14106"
565,"14107"
566,"14108"
567,"14115"
568,"14075"
569,"14077"
570,"14078"
571,"14074"
572,"14076"
573,"14069"
574,"14123"
575,"14122"
576,"14121"
577,"14120"
578,"14002"
579,"14003"
580,"14005"
581,"14055"
582,"14086"
583,"14098"
584,"14025"
585,"14027"
586,"14028"
587,"14101"
588,"14022"
589,"14039"
590,"14044"
591,"14051"
592,"14070"
593,"14125"
594,"14071"
595,"14068"
596,"14067"
597,"14066"
598,"14064"
599,"14063"
600,"14062"
601,"14061"
602,"14060"
603,"14059"
604,"14058"
605,"14057"
606,"14056"
607,"14054"
608,"14053"
609,"14052"
610,"14050"
611,"14031"
612,"14049"
613,"14048"
614,"14047"
615,"14046"
616,"14045"
617,"14042"
618,"14041"
619,"14040"
620,"14038"
621,"14037"
622,"14036"
623,"14035"
624,"14034"
625,"14033"
626,"14004"
627,"14019"
628,"14001"
629,"14006"
630,"14007"
631,"14008"
632,"14009"
633,"14072"
634,"14080"
635,"14081"
636,"14082"
637,"14083"
638,"14084"
639,"14085"
640,"14087"
641,"14088"
642,"14089"
643,"14094"
644,"14095"
645,"14096"
646,"14032"
647,"14030"
648,"14029"
649,"14026"
650,"14024"
651,"14023"
652,"14021"
653,"14020"
654,"14016"
655,"14011"
656,"14013"
657,"14010"
658,"14012"
659,"14073"
660,"14079"
661,"14093"
662,"14099"
663,"14100"
664,"14102"
665,"14103"
666,"14104"
667,"14105"
668,"14090"
669,"14091"
670,"14092"
671,"15116"
672,"15072"
673,"15003"
674,"15007"
675,"15094"
676,"15032"
677,"15081"
678,"15071"
679,"15070"
680,"15026"
681,"15061"
682,"15057"
683,"15120"
684,"15110"
685,"15030"
686,"15044"
687,"15093"
688,"15108"
689,"15111"
690,"15016"
691,"15112"
692,"15113"
693,"15123"
694,"15074"
695,"15125"
696,"15053"
697,"15055"
698,"15073"
699,"15015"
700,"15014"
701,"15056"
702,"15054"
703,"15076"
704,"15060"
705,"15083"
706,"15024"
707,"15059"
708,"15009"
709,"15067"
710,"15031"
711,"15092"
712,"15066"
713,"15098"
714,"15025"
715,"15077"
716,"15078"
717,"15096"
718,"15104"
719,"15107"
720,"15100"
721,"15082"
722,"15058"
723,"15064"
724,"15109"
725,"15023"
726,"15040"
727,"15039"
728,"15005"
729,"15086"
730,"15042"
731,"15049"
732,"15052"
733,"15103"
734,"15050"
735,"15101"
736,"15090"
737,"15062"
738,"15105"
739,"15068"
740,"15080"
741,"15106"
742,"15118"
743,"15036"
744,"15013"
745,"15124"
746,"15117"
747,"15046"
748,"15115"
749,"15045"
750,"15006"
751,"15012"
752,"15034"
753,"15041"
754,"15017"
755,"15102"
756,"15089"
757,"15029"
758,"15087"
759,"15069"
760,"15084"
761,"15119"
762,"15008"
763,"15011"
764,"15121"
765,"15075"
766,"15018"
767,"15019"
768,"15020"
769,"15022"
770,"15047"
771,"15001"
772,"15048"
773,"15028"
774,"15063"
775,"15051"
776,"15085"
777,"15088"
778,"15027"
779,"15122"
780,"15099"
781,"15004"
782,"15043"
783,"15035"
784,"15065"
785,"15079"
786,"15010"
787,"15037"
788,"15038"
789,"15091"
790,"15033"
791,"15097"
792,"15114"
793,"15095"
794,"15021"
795,"15002"
796,"16045"
797,"16093"
798,"16092"
799,"16088"
800,"16085"
801,"16084"
802,"16074"
803,"16055"
804,"16061"
805,"16073"
806,"16104"
807,"16089"
808,"16103"
809,"16102"
810,"16071"
811,"16064"
812,"16063"
813,"16062"
814,"16060"
815,"16059"
816,"16058"
817,"16057"
818,"16056"
819,"16079"
820,"16078"
821,"16018"
822,"16019"
823,"16020"
824,"16021"
825,"16022"
826,"16067"
827,"16072"
828,"16086"
829,"16087"
830,"16047"
831,"16046"
832,"16012"
833,"16065"
834,"16066"
835,"16068"
836,"16069"
837,"16070"
838,"16083"
839,"16002"
840,"16094"
841,"16095"
842,"16100"
843,"16105"
844,"16101"
845,"16111"
846,"16034"
847,"16017"
848,"16016"
849,"16015"
850,"16014"
851,"16053"
852,"16052"
853,"16051"
854,"16050"
855,"16049"
856,"16042"
857,"16041"
858,"16038"
859,"16037"
860,"16036"
861,"16035"
862,"16023"
863,"16025"
864,"16040"
865,"16039"
866,"16026"
867,"16027"
868,"16028"
869,"16029"
870,"16030"
871,"16054"
872,"16033"
873,"16076"
874,"16075"
875,"16080"
876,"16081"
877,"16082"
878,"16099"
879,"16003"
880,"16090"
881,"16091"
882,"16048"
883,"16001"
884,"16024"
885,"16009"
886,"16008"
887,"16007"
888,"16006"
889,"16005"
890,"16004"
891,"16011"
892,"16010"
893,"16110"
894,"16109"
895,"16108"
896,"16107"
897,"16106"
898,"16013"
899,"16044"
900,"16043"
901,"16077"
902,"16032"
903,"16031"
904,"16098"
905,"16097"
906,"16096"
907,"16113"
908,"16112"
909,"17008"
910,"17003"
911,"17036"
912,"17029"
913,"17018"
914,"17014"
915,"17019"
916,"17006"
917,"17001"
918,"17025"
919,"17002"
920,"17026"
921,"17023"
922,"17004"
923,"17010"
924,"17017"
925,"17015"
926,"17022"
927,"17009"
928,"17011"
929,"17012"
930,"17024"
931,"17030"
932,"17013"
933,"17034"
934,"17020"
935,"17031"
936,"17021"
937,"17027"
938,"17016"
939,"17032"
940,"17033"
941,"17035"
942,"17007"
943,"17005"
944,"17028"
945,"18009"
946,"18003"
947,"18015"
948,"18014"
949,"18007"
950,"18005"
951,"18017"
952,"18013"
953,"18012"
954,"18011"
955,"18010"
956,"18002"
957,"18001"
958,"18018"
959,"18019"
960,"18004"
961,"18006"
962,"18020"
963,"18008"
964,"18016"
965,"19035"
966,"19036"
967,"19002"
968,"19013"
969,"19014"
970,"19032"
971,"19001"
972,"19031"
973,"19015"
974,"19043"
975,"19048"
976,"19047"
977,"19040"
978,"19037"
979,"19027"
980,"19020"
981,"19005"
982,"19019"
983,"19041"
984,"19008"
985,"19026"
986,"19051"
987,"19007"
988,"19050"
989,"19049"
990,"19034"
991,"19045"
992,"19038"
993,"19033"
994,"19010"
995,"19023"
996,"19009"
997,"19029"
998,"19030"
999,"19006"
1000,"19028"
1001,"19025"
1002,"19046"
1003,"19021"
1004,"19003"
1005,"19042"
1006,"19018"
1007,"19017"
1008,"19016"
1009,"19011"
1010,"19044"
1011,"19004"
1012,"19022"
1013,"19024"
1014,"19039"
1015,"19012"
1016,"20155"
1017,"20481"
1018,"20378"
1019,"20334"
1020,"20437"
1021,"20441"
1022,"20446"
1023,"20447"
1024,"20469"
1025,"20440"
1026,"20513"
1027,"20278"
1028,"20457"
1029,"20482"
1030,"20329"
1031,"20330"
1032,"20170"
1033,"20230"
1034,"20184"
1035,"20214"
1036,"20220"
1037,"20262"
1038,"20266"
1039,"20265"
1040,"20318"
1041,"20327"
1042,"20556"
1043,"20005"
1044,"20517"
1045,"20565"
1046,"20503"
1047,"20500"
1048,"20059"
1049,"20177"
1050,"20364"
1051,"20057"
1052,"20544"
1053,"20410"
1054,"20435"
1055,"20417"
1056,"20439"
1057,"20251"
1058,"20467"
1059,"20559"
1060,"20169"
1061,"20118"
1062,"20568"
1063,"20460"
1064,"20044"
1065,"20507"
1066,"20515"
1067,"20516"
1068,"20051"
1069,"20041"
1070,"20042"
1071,"20071"
1072,"20223"
1073,"20190"
1074,"20097"
1075,"20098"
1076,"20101"
1077,"20104"
1078,"20413"
1079,"20120"
1080,"20121"
1081,"20015"
1082,"20125"
1083,"20124"
1084,"20020"
1085,"20153"
1086,"20141"
1087,"20147"
1088,"20150"
1089,"20164"
1090,"20204"
1091,"20035"
1092,"20202"
1093,"20566"
1094,"20217"
1095,"20016"
1096,"20229"
1097,"20232"
1098,"20235"
1099,"20236"
1100,"20525"
1101,"20526"
1102,"20052"
1103,"20290"
1104,"20043"
1105,"20079"
1106,"20207"
1107,"20356"
1108,"20340"
1109,"20218"
1110,"20386"
1111,"20179"
1112,"20524"
1113,"20264"
1114,"20333"
1115,"20198"
1116,"20365"
1117,"20002"
1118,"20006"
1119,"20008"
1120,"20009"
1121,"20010"
1122,"20414"
1123,"20291"
1124,"20298"
1125,"20385"
1126,"20023"
1127,"20306"
1128,"20310"
1129,"20309"
1130,"20324"
1131,"20337"
1132,"20351"
1133,"20562"
1134,"20426"
1135,"20427"
1136,"20021"
1137,"20175"
1138,"20466"
1139,"20468"
1140,"20470"
1141,"20479"
1142,"20498"
1143,"20133"
1144,"20134"
1145,"20138"
1146,"20149"
1147,"20161"
1148,"20159"
1149,"20047"
1150,"20094"
1151,"20031"
1152,"20279"
1153,"20401"
1154,"20367"
1155,"20359"
1156,"20511"
1157,"20096"
1158,"20504"
1159,"20537"
1160,"20543"
1161,"20548"
1162,"20076"
1163,"20463"
1164,"20436"
1165,"20523"
1166,"20054"
1167,"20168"
1168,"20185"
1169,"20246"
1170,"20277"
1171,"20542"
1172,"20357"
1173,"20489"
1174,"20490"
1175,"20502"
1176,"20163"
1177,"20166"
1178,"20237"
1179,"20506"
1180,"20508"
1181,"20205"
1182,"20271"
1183,"20545"
1184,"20546"
1185,"20547"
1186,"20186"
1187,"20227"
1188,"20261"
1189,"20552"
1190,"20550"
1191,"20253"
1192,"20254"
1193,"20272"
1194,"20273"
1195,"20275"
1196,"20551"
1197,"20553"
1198,"20493"
1199,"20554"
1200,"20555"
1201,"20018"
1202,"20036"
1203,"20338"
1204,"20344"
1205,"20366"
1206,"20377"
1207,"20451"
1208,"20404"
1209,"20407"
1210,"20558"
1211,"20561"
1212,"20056"
1213,"20563"
1214,"20497"
1215,"20549"
1216,"20564"
1217,"20099"
1218,"20491"
1219,"20379"
1220,"20494"
1221,"20499"
1222,"20058"
1223,"20569"
1224,"20570"
1225,"20567"
1226,"20423"
1227,"20528"
1228,"20112"
1229,"20510"
1230,"20129"
1231,"20371"
1232,"20424"
1233,"20406"
1234,"20422"
1235,"20450"
1236,"20075"
1237,"20501"
1238,"20505"
1239,"20459"
1240,"20477"
1241,"20484"
1242,"20485"
1243,"20492"
1244,"20495"
1245,"20514"
1246,"20534"
1247,"20117"
1248,"20512"
1249,"20518"
1250,"20206"
1251,"20521"
1252,"20001"
1253,"20256"
1254,"20003"
1255,"20263"
1256,"20004"
1257,"20007"
1258,"20267"
1259,"20011"
1260,"20027"
1261,"20030"
1262,"20519"
1263,"20034"
1264,"20013"
1265,"20017"
1266,"20049"
1267,"20520"
1268,"20019"
1269,"20022"
1270,"20024"
1271,"20025"
1272,"20026"
1273,"20029"
1274,"20032"
1275,"20033"
1276,"20050"
1277,"20536"
1278,"20037"
1279,"20040"
1280,"20045"
1281,"20053"
1282,"20046"
1283,"20172"
1284,"20048"
1285,"20522"
1286,"20456"
1287,"20060"
1288,"20061"
1289,"20062"
1290,"20063"
1291,"20065"
1292,"20069"
1293,"20070"
1294,"20072"
1295,"20074"
1296,"20078"
1297,"20077"
1298,"20081"
1299,"20092"
1300,"20080"
1301,"20084"
1302,"20082"
1303,"20086"
1304,"20083"
1305,"20087"
1306,"20089"
1307,"20090"
1308,"20091"
1309,"20095"
1310,"20100"
1311,"20199"
1312,"20102"
1313,"20233"
1314,"20103"
1315,"20105"
1316,"20107"
1317,"20108"
1318,"20109"
1319,"20110"
1320,"20111"
1321,"20527"
1322,"20116"
1323,"20114"
1324,"20115"
1325,"20119"
1326,"20014"
1327,"20123"
1328,"20122"
1329,"20126"
1330,"20127"
1331,"20128"
1332,"20529"
1333,"20131"
1334,"20130"
1335,"20152"
1336,"20132"
1337,"20135"
1338,"20136"
1339,"20137"
1340,"20139"
1341,"20142"
1342,"20140"
1343,"20160"
1344,"20143"
1345,"20144"
1346,"20145"
1347,"20531"
1348,"20146"
1349,"20148"
1350,"20151"
1351,"20157"
1352,"20248"
1353,"20158"
1354,"20162"
1355,"20176"
1356,"20165"
1357,"20167"
1358,"20530"
1359,"20187"
1360,"20171"
1361,"20188"
1362,"20173"
1363,"20174"
1364,"20191"
1365,"20196"
1366,"20178"
1367,"20197"
1368,"20180"
1369,"20215"
1370,"20181"
1371,"20480"
1372,"20182"
1373,"20183"
1374,"20189"
1375,"20192"
1376,"20193"
1377,"20194"
1378,"20195"
1379,"20210"
1380,"20200"
1381,"20201"
1382,"20203"
1383,"20208"
1384,"20209"
1385,"20284"
1386,"20219"
1387,"20216"
1388,"20221"
1389,"20222"
1390,"20541"
1391,"20224"
1392,"20225"
1393,"20226"
1394,"20228"
1395,"20231"
1396,"20239"
1397,"20234"
1398,"20240"
1399,"20241"
1400,"20242"
1401,"20243"
1402,"20244"
1403,"20249"
1404,"20245"
1405,"20269"
1406,"20247"
1407,"20250"
1408,"20255"
1409,"20252"
1410,"20257"
1411,"20258"
1412,"20259"
1413,"20260"
1414,"20268"
1415,"20276"
1416,"20281"
1417,"20274"
1418,"20532"
1419,"20280"
1420,"20533"
1421,"20368"
1422,"20282"
1423,"20283"
1424,"20535"
1425,"20286"
1426,"20285"
1427,"20288"
1428,"20289"
1429,"20292"
1430,"20380"
1431,"20294"
1432,"20295"
1433,"20538"
1434,"20296"
1435,"20297"
1436,"20304"
1437,"20299"
1438,"20300"
1439,"20308"
1440,"20301"
1441,"20311"
1442,"20302"
1443,"20303"
1444,"20305"
1445,"20321"
1446,"20332"
1447,"20307"
1448,"20312"
1449,"20313"
1450,"20314"
1451,"20331"
1452,"20315"
1453,"20316"
1454,"20317"
1455,"20360"
1456,"20319"
1457,"20320"
1458,"20322"
1459,"20323"
1460,"20325"
1461,"20326"
1462,"20328"
1463,"20335"
1464,"20336"
1465,"20339"
1466,"20341"
1467,"20342"
1468,"20343"
1469,"20345"
1470,"20346"
1471,"20347"
1472,"20539"
1473,"20211"
1474,"20212"
1475,"20213"
1476,"20348"
1477,"20349"
1478,"20540"
1479,"20350"
1480,"20352"
1481,"20353"
1482,"20354"
1483,"20355"
1484,"20358"
1485,"20362"
1486,"20361"
1487,"20363"
1488,"20373"
1489,"20369"
1490,"20370"
1491,"20381"
1492,"20372"
1493,"20374"
1494,"20293"
1495,"20382"
1496,"20375"
1497,"20376"
1498,"20383"
1499,"20408"
1500,"20384"
1501,"20387"
1502,"20411"
1503,"20388"
1504,"20106"
1505,"20055"
1506,"20390"
1507,"20391"
1508,"20418"
1509,"20392"
1510,"20393"
1511,"20394"
1512,"20395"
1513,"20396"
1514,"20397"
1515,"20398"
1516,"20399"
1517,"20400"
1518,"20402"
1519,"20154"
1520,"20156"
1521,"20403"
1522,"20419"
1523,"20405"
1524,"20409"
1525,"20412"
1526,"20415"
1527,"20287"
1528,"20416"
1529,"20420"
1530,"20421"
1531,"20425"
1532,"20428"
1533,"20432"
1534,"20429"
1535,"20430"
1536,"20431"
1537,"20270"
1538,"20433"
1539,"20442"
1540,"20438"
1541,"20434"
1542,"20444"
1543,"20443"
1544,"20445"
1545,"20448"
1546,"20449"
1547,"20452"
1548,"20453"
1549,"20454"
1550,"20455"
1551,"20458"
1552,"20461"
1553,"20462"
1554,"20464"
1555,"20465"
1556,"20471"
1557,"20472"
1558,"20473"
1559,"20474"
1560,"20475"
1561,"20476"
1562,"20389"
1563,"20478"
1564,"20012"
1565,"20028"
1566,"20039"
1567,"20064"
1568,"20066"
1569,"20067"
1570,"20068"
1571,"20073"
1572,"20085"
1573,"20088"
1574,"20483"
1575,"20486"
1576,"20093"
1577,"20113"
1578,"20487"
1579,"20488"
1580,"20496"
1581,"20509"
1582,"20557"
1583,"20560"
1584,"20038"
1585,"20238"
1586,"21053"
1587,"21211"
1588,"21206"
1589,"21152"
1590,"21027"
1591,"21026"
1592,"21015"
1593,"21014"
1594,"21010"
1595,"21149"
1596,"21004"
1597,"21005"
1598,"21006"
1599,"21008"
1600,"21146"
1601,"21145"
1602,"21003"
1603,"21117"
1604,"21165"
1605,"21163"
1606,"21113"
1607,"21009"
1608,"21039"
1609,"21040"
1610,"21041"
1611,"21016"
1612,"21087"
1613,"21167"
1614,"21166"
1615,"21018"
1616,"21054"
1617,"21127"
1618,"21129"
1619,"21130"
1620,"21213"
1621,"21124"
1622,"21169"
1623,"21172"
1624,"21179"
1625,"21202"
1626,"21203"
1627,"21042"
1628,"21043"
1629,"21217"
1630,"21101"
1631,"21100"
1632,"21099"
1633,"21098"
1634,"21096"
1635,"21094"
1636,"21093"
1637,"21092"
1638,"21012"
1639,"21013"
1640,"21007"
1641,"21011"
1642,"21022"
1643,"21025"
1644,"21037"
1645,"21035"
1646,"21033"
1647,"21032"
1648,"21031"
1649,"21029"
1650,"21045"
1651,"21046"
1652,"21002"
1653,"21212"
1654,"21199"
1655,"21205"
1656,"21201"
1657,"21197"
1658,"21195"
1659,"21186"
1660,"21185"
1661,"21184"
1662,"21158"
1663,"21104"
1664,"21123"
1665,"21128"
1666,"21126"
1667,"21161"
1668,"21079"
1669,"21194"
1670,"21190"
1671,"21189"
1672,"21188"
1673,"21187"
1674,"21177"
1675,"21156"
1676,"21155"
1677,"21154"
1678,"21153"
1679,"21118"
1680,"21119"
1681,"21120"
1682,"21125"
1683,"21105"
1684,"21175"
1685,"21085"
1686,"21164"
1687,"21198"
1688,"21133"
1689,"21174"
1690,"21176"
1691,"21178"
1692,"21134"
1693,"21135"
1694,"21208"
1695,"21207"
1696,"21180"
1697,"21137"
1698,"21001"
1699,"21138"
1700,"21139"
1701,"21196"
1702,"21140"
1703,"21116"
1704,"21141"
1705,"21170"
1706,"21052"
1707,"21168"
1708,"21143"
1709,"21142"
1710,"21023"
1711,"21115"
1712,"21114"
1713,"21108"
1714,"21112"
1715,"21147"
1716,"21204"
1717,"21097"
1718,"21148"
1719,"21200"
1720,"21151"
1721,"21159"
1722,"21050"
1723,"21144"
1724,"21051"
1725,"21055"
1726,"21056"
1727,"21057"
1728,"21058"
1729,"21059"
1730,"21063"
1731,"21064"
1732,"21065"
1733,"21066"
1734,"21067"
1735,"21070"
1736,"21071"
1737,"21076"
1738,"21038"
1739,"21078"
1740,"21047"
1741,"21048"
1742,"21049"
1743,"21080"
1744,"21132"
1745,"21216"
1746,"21072"
1747,"21068"
1748,"21171"
1749,"21062"
1750,"21061"
1751,"21060"
1752,"21181"
1753,"21044"
1754,"21036"
1755,"21191"
1756,"21215"
1757,"21192"
1758,"21193"
1759,"21173"
1760,"21073"
1761,"21121"
1762,"21083"
1763,"21081"
1764,"21075"
1765,"21074"
1766,"21111"
1767,"21089"
1768,"21210"
1769,"21136"
1770,"21077"
1771,"21088"
1772,"21131"
1773,"21110"
1774,"21183"
1775,"21020"
1776,"21028"
1777,"21109"
1778,"21030"
1779,"21034"
1780,"21090"
1781,"21091"
1782,"21095"
1783,"21102"
1784,"21103"
1785,"21106"
1786,"21107"
1787,"21214"
1788,"21019"
1789,"21017"
1790,"21024"
1791,"21086"
1792,"21084"
1793,"21150"
1794,"21082"
1795,"21160"
1796,"21157"
1797,"21162"
1798,"21209"
1799,"21122"
1800,"21182"
1801,"21021"
1802,"21069"
1803,"22006"
1804,"22011"
1805,"22012"
1806,"22001"
1807,"22005"
1808,"22004"
1809,"22017"
1810,"22003"
1811,"22013"
1812,"22007"
1813,"22015"
1814,"22018"
1815,"22002"
1816,"22008"
1817,"22016"
1818,"22014"
1819,"22009"
1820,"22010"
1821,"23007"
1822,"23009"
1823,"23010"
1824,"23008"
1825,"23002"
1826,"23006"
1827,"23003"
1828,"23011"
1829,"23005"
1830,"23001"
1831,"23004"
1832,"24016"
1833,"24032"
1834,"24051"
1835,"24029"
1836,"24033"
1837,"24027"
1838,"24025"
1839,"24015"
1840,"24059"
1841,"24013"
1842,"24002"
1843,"24003"
1844,"24004"
1845,"24028"
1846,"24050"
1847,"24057"
1848,"24049"
1849,"24006"
1850,"24018"
1851,"24037"
1852,"24038"
1853,"24020"
1854,"24001"
1855,"24045"
1856,"24026"
1857,"24044"
1858,"24039"
1859,"24048"
1860,"24055"
1861,"24054"
1862,"24053"
1863,"24052"
1864,"24019"
1865,"24014"
1866,"24017"
1867,"24008"
1868,"24056"
1869,"24034"
1870,"24010"
1871,"24046"
1872,"24047"
1873,"24024"
1874,"24023"
1875,"24022"
1876,"24009"
1877,"24036"
1878,"24007"
1879,"24043"
1880,"24042"
1881,"24012"
1882,"24035"
1883,"24041"
1884,"24021"
1885,"24058"
1886,"24005"
1887,"24030"
1888,"24040"
1889,"24011"
1890,"24031"
1891,"25016"
1892,"25015"
1893,"25019"
1894,"25020"
1895,"25002"
1896,"25018"
1897,"25010"
1898,"25009"
1899,"25013"
1900,"25011"
1901,"25001"
1902,"25007"
1903,"25008"
1904,"25012"
1905,"25006"
1906,"25005"
1907,"25014"
1908,"25004"
1909,"25017"
1910,"25003"
1911,"26037"
1912,"26036"
1913,"26021"
1914,"26054"
1915,"26068"
1916,"26046"
1917,"26045"
1918,"26041"
1919,"26033"
1920,"26034"
1921,"26014"
1922,"26026"
1923,"26016"
1924,"26044"
1925,"26047"
1926,"26043"
1927,"26071"
1928,"26029"
1929,"26069"
1930,"26025"
1931,"26039"
1932,"26055"
1933,"26030"
1934,"26035"
1935,"26022"
1936,"26050"
1937,"26013"
1938,"26012"
1939,"26032"
1940,"26053"
1941,"26048"
1942,"26057"
1943,"26065"
1944,"26066"
1945,"26070"
1946,"26072"
1947,"26058"
1948,"26017"
1949,"26009"
1950,"26020"
1951,"26015"
1952,"26059"
1953,"26060"
1954,"26001"
1955,"26042"
1956,"26067"
1957,"26018"
1958,"26023"
1959,"26007"
1960,"26028"
1961,"26005"
1962,"26003"
1963,"26004"
1964,"26008"
1965,"26027"
1966,"26031"
1967,"26006"
1968,"26064"
1969,"26062"
1970,"26052"
1971,"26051"
1972,"26010"
1973,"26011"
1974,"26019"
1975,"26061"
1976,"26024"
1977,"26049"
1978,"26063"
1979,"26040"
1980,"26038"
1981,"26056"
1982,"26002"
1983,"27006"
1984,"27005"
1985,"27008"
1986,"27004"
1987,"27010"
1988,"27003"
1989,"27015"
1990,"27014"
1991,"27007"
1992,"27011"
1993,"27013"
1994,"27017"
1995,"27002"
1996,"27001"
1997,"27009"
1998,"27016"
1999,"27012"
2000,"28009"
2001,"28003"
2002,"28022"
2003,"28021"
2004,"28013"
2005,"28041"
2006,"28014"
2007,"28040"
2008,"28010"
2009,"28015"
2010,"28039"
2011,"28020"
2012,"28027"
2013,"28005"
2014,"28007"
2015,"28038"
2016,"28026"
2017,"28037"
2018,"28019"
2019,"28028"
2020,"28025"
2021,"28002"
2022,"28001"
2023,"28004"
2024,"28029"
2025,"28031"
2026,"28035"
2027,"28034"
2028,"28006"
2029,"28033"
2030,"28043"
2031,"28032"
2032,"28023"
2033,"28017"
2034,"28042"
2035,"28008"
2036,"28016"
2037,"28018"
2038,"28011"
2039,"28024"
2040,"28036"
2041,"28030"
2042,"28012"
2043,"29013"
2044,"29051"
2045,"29059"
2046,"29011"
2047,"29060"
2048,"29009"
2049,"29030"
2050,"29021"
2051,"29058"
2052,"29046"
2053,"29035"
2054,"29025"
2055,"29052"
2056,"29031"
2057,"29032"
2058,"29024"
2059,"29042"
2060,"29053"
2061,"29034"
2062,"29006"
2063,"29044"
2064,"29049"
2065,"29040"
2066,"29026"
2067,"29055"
2068,"29022"
2069,"29001"
2070,"29037"
2071,"29054"
2072,"29036"
2073,"29010"
2074,"29033"
2075,"29023"
2076,"29050"
2077,"29041"
2078,"29057"
2079,"29048"
2080,"29020"
2081,"29017"
2082,"29056"
2083,"29002"
2084,"29007"
2085,"29004"
2086,"29012"
2087,"29029"
2088,"29028"
2089,"29008"
2090,"29047"
2091,"29039"
2092,"29005"
2093,"29045"
2094,"29016"
2095,"29019"
2096,"29014"
2097,"29015"
2098,"29018"
2099,"29038"
2100,"29043"
2101,"29027"
2102,"29003"
2103,"30051"
2104,"30056"
2105,"30055"
2106,"30054"
2107,"30053"
2108,"30183"
2109,"30182"
2110,"30181"
2111,"30110"
2112,"30111"
2113,"30180"
2114,"30178"
2115,"30175"
2116,"30201"
2117,"30208"
2118,"30207"
2119,"30204"
2120,"30202"
2121,"30200"
2122,"30186"
2123,"30197"
2124,"30196"
2125,"30137"
2126,"30184"
2127,"30105"
2128,"30043"
2129,"30042"
2130,"30019"
2131,"30163"
2132,"30115"
2133,"30114"
2134,"30113"
2135,"30010"
2136,"30097"
2137,"30087"
2138,"30149"
2139,"30150"
2140,"30148"
2141,"30147"
2142,"30064"
2143,"30074"
2144,"30168"
2145,"30166"
2146,"30165"
2147,"30164"
2148,"30126"
2149,"30050"
2150,"30046"
2151,"30004"
2152,"30128"
2153,"30145"
2154,"30146"
2155,"30098"
2156,"30107"
2157,"30116"
2158,"30131"
2159,"30136"
2160,"30138"
2161,"30140"
2162,"30156"
2163,"30157"
2164,"30158"
2165,"30159"
2166,"30160"
2167,"30161"
2168,"30162"
2169,"30078"
2170,"30167"
2171,"30169"
2172,"30185"
2173,"30190"
2174,"30003"
2175,"30194"
2176,"30199"
2177,"30206"
2178,"30011"
2179,"30012"
2180,"30015"
2181,"30016"
2182,"30017"
2183,"30117"
2184,"30044"
2185,"30047"
2186,"30049"
2187,"30052"
2188,"30099"
2189,"30100"
2190,"30198"
2191,"30139"
2192,"30041"
2193,"30058"
2194,"30135"
2195,"30176"
2196,"30120"
2197,"30020"
2198,"30021"
2199,"30022"
2200,"30023"
2201,"30024"
2202,"30025"
2203,"30026"
2204,"30027"
2205,"30028"
2206,"30029"
2207,"30030"
2208,"30033"
2209,"30034"
2210,"30065"
2211,"30066"
2212,"30067"
2213,"30068"
2214,"30070"
2215,"30072"
2216,"30073"
2217,"30075"
2218,"30112"
2219,"30109"
2220,"30141"
2221,"30142"
2222,"30143"
2223,"30144"
2224,"30151"
2225,"30152"
2226,"30153"
2227,"30154"
2228,"30155"
2229,"30187"
2230,"30188"
2231,"30189"
2232,"30191"
2233,"30192"
2234,"30195"
2235,"30210"
2236,"30211"
2237,"30212"
2238,"30048"
2239,"30059"
2240,"30209"
2241,"30173"
2242,"30205"
2243,"30203"
2244,"30031"
2245,"30079"
2246,"30069"
2247,"30101"
2248,"30103"
2249,"30104"
2250,"30106"
2251,"30102"
2252,"30108"
2253,"30193"
2254,"30177"
2255,"30179"
2256,"30174"
2257,"30172"
2258,"30171"
2259,"30170"
2260,"30134"
2261,"30001"
2262,"30133"
2263,"30132"
2264,"30122"
2265,"30130"
2266,"30129"
2267,"30125"
2268,"30124"
2269,"30127"
2270,"30123"
2271,"30002"
2272,"30005"
2273,"30121"
2274,"30119"
2275,"30006"
2276,"30118"
2277,"30096"
2278,"30095"
2279,"30094"
2280,"30093"
2281,"30007"
2282,"30008"
2283,"30009"
2284,"30071"
2285,"30092"
2286,"30091"
2287,"30090"
2288,"30089"
2289,"30088"
2290,"30086"
2291,"30018"
2292,"30035"
2293,"30036"
2294,"30037"
2295,"30085"
2296,"30084"
2297,"30083"
2298,"30082"
2299,"30081"
2300,"30038"
2301,"30039"
2302,"30040"
2303,"30032"
2304,"30080"
2305,"30077"
2306,"30076"
2307,"30063"
2308,"30062"
2309,"30061"
2310,"30013"
2311,"30014"
2312,"30060"
2313,"30045"
2314,"30057"
2315,"31054"
2316,"31051"
2317,"31046"
2318,"31045"
2319,"31014"
2320,"31029"
2321,"31006"
2322,"31093"
2323,"31092"
2324,"31061"
2325,"31008"
2326,"31011"
2327,"31081"
2328,"31017"
2329,"31091"
2330,"31096"
2331,"31018"
2332,"31059"
2333,"31040"
2334,"31085"
2335,"31052"
2336,"31048"
2337,"31047"
2338,"31036"
2339,"31104"
2340,"31101"
2341,"31102"
2342,"31071"
2343,"31069"
2344,"31067"
2345,"31050"
2346,"31065"
2347,"31084"
2348,"31079"
2349,"31064"
2350,"31001"
2351,"31049"
2352,"31032"
2353,"31024"
2354,"31022"
2355,"31094"
2356,"31106"
2357,"31105"
2358,"31103"
2359,"31097"
2360,"31095"
2361,"31090"
2362,"31088"
2363,"31087"
2364,"31086"
2365,"31083"
2366,"31082"
2367,"31080"
2368,"31055"
2369,"31078"
2370,"31077"
2371,"31074"
2372,"31073"
2373,"31072"
2374,"31070"
2375,"31068"
2376,"31063"
2377,"31060"
2378,"31053"
2379,"31044"
2380,"31066"
2381,"31043"
2382,"31020"
2383,"31039"
2384,"31037"
2385,"31035"
2386,"31034"
2387,"31033"
2388,"31031"
2389,"31027"
2390,"31026"
2391,"31089"
2392,"31025"
2393,"31098"
2394,"31042"
2395,"31062"
2396,"31075"
2397,"31023"
2398,"31016"
2399,"31015"
2400,"31013"
2401,"31056"
2402,"31057"
2403,"31012"
2404,"31010"
2405,"31009"
2406,"31007"
2407,"31005"
2408,"31004"
2409,"31003"
2410,"31076"
2411,"31019"
2412,"31028"
2413,"31058"
2414,"31021"
2415,"31030"
2416,"31038"
2417,"31041"
2418,"31099"
2419,"31100"
2420,"31002"
2421,"32029"
2422,"32028"
2423,"32027"
2424,"32026"
2425,"32025"
2426,"32024"
2427,"32008"
2428,"32031"
2429,"32022"
2430,"32018"
2431,"32052"
2432,"32016"
2433,"32054"
2434,"32006"
2435,"32013"
2436,"32007"
2437,"32034"
2438,"32053"
2439,"32055"
2440,"32003"
2441,"32039"
2442,"32038"
2443,"32015"
2444,"32017"
2445,"32020"
2446,"32023"
2447,"32058"
2448,"32036"
2449,"32057"
2450,"32030"
2451,"32032"
2452,"32056"
2453,"32035"
2454,"32005"
2455,"32010"
2456,"32001"
2457,"32011"
2458,"32002"
2459,"32040"
2460,"32041"
2461,"32037"
2462,"32021"
2463,"32047"
2464,"32045"
2465,"32051"
2466,"32050"
2467,"32049"
2468,"32048"
2469,"32019"
2470,"32033"
2471,"32012"
2472,"32046"
2473,"32044"
2474,"32004"
2475,"32043"
2476,"32042"
2477,"32014"
2478,"32009"
